<?xml version = "1.0"?>
<?xml-stylesheet type = "text/xsl" href = "sports.xsl"?>

<!-- Fig. 20.8: sports.xml -->
<!-- Sports Database -->

<sports>
   <game id = "783">
      <name>Cricket</name>

      <paragraph>
         More popular among commonwealth nations.
      </paragraph>
   </game>

   <game id = "239">
      <name>Baseball</name>

      <paragraph>
         More popular in America.
      </paragraph>
   </game>

   <game id = "418">
      <name>Soccer (Futbol)</name>

      <paragraph>
         Most popular sport in the world.
      </paragraph>
   </game>
</sports> 


<!-- 
 ************************************************************************** 
 * (C) Copyright 1992-2009 by Deitel & Associates, Inc. and               *
 * Pearson Education, Inc. All Rights Reserved.                           *
 *                                                                        *
 * DISCLAIMER: The authors and publisher of this book have used their     *
 * best efforts in preparing the book. These efforts include the          *
 * development, research, and testing of the theories and programs        *
 * to determine their effectiveness. The authors and publisher make       *
 * no warranty of any kind, expressed or implied, with regard to these    *
 * programs or to the documentation contained in these books. The authors *
 * and publisher shall not be liable in any event for incidental or       *
 * consequential damages in connection with, or arising out of, the       *
 * furnishing, performance, or use of these programs.                     *
 **************************************************************************
-->
