﻿<?xml version="1.0"?>
<!-- Fig. 20.18: employeesOld.xml -->
<!-- Sample old-format input for the XMLCombine application. -->
<employees xmlns="http://www.deitel.com/employeesold">
   <employeelisting>
      <firstname>Christopher</firstname>
      <lastname>Green</lastname>
      <salary>1460</salary>
   </employeelisting>
   <employeelisting>
      <firstname>Michael</firstname>
      <lastname>Red</lastname>
      <salary>1420</salary>
   </employeelisting>
</employees>

<!--
**************************************************************************
* (C) Copyright 1992-2009 by Deitel & Associates, Inc. and               *
* Pearson Education, Inc. All Rights Reserved.                           *
*                                                                        *
* DISCLAIMER: The authors and publisher of this book have used their     *
* best efforts in preparing the book. These efforts include the          *
* development, research, and testing of the theories and programs        *
* to determine their effectiveness. The authors and publisher make       *
* no warranty of any kind, expressed or implied, with regard to these    *
* programs or to the documentation contained in these books. The authors *
* and publisher shall not be liable in any event for incidental or       *
* consequential damages in connection with, or arising out of, the       *
* furnishing, performance, or use of these programs.                     *
**************************************************************************
-->
