<?xml version = "1.0"?>
<!-- Fig. 20.7: laptop.xml              -->
<!-- Laptop components marked up as XML -->

<computer:laptop xmlns:computer = "http://www.deitel.com/computer" 
   manufacturer = "IBM">
   
   <processor model = "Centrino">Intel</processor>
   <monitor>17</monitor>
   <CPUSpeed>2.4</CPUSpeed>
   <RAM>256</RAM> 
</computer:laptop>


<!-- 
 ************************************************************************** 
 * (C) Copyright 1992-2009 by Deitel & Associates, Inc. and               *
 * Pearson Education, Inc. All Rights Reserved.                           *
 *                                                                        *
 * DISCLAIMER: The authors and publisher of this book have used their     *
 * best efforts in preparing the book. These efforts include the          *
 * development, research, and testing of the theories and programs        *
 * to determine their effectiveness. The authors and publisher make       *
 * no warranty of any kind, expressed or implied, with regard to these    *
 * programs or to the documentation contained in these books. The authors *
 * and publisher shall not be liable in any event for incidental or       *
 * consequential damages in connection with, or arising out of, the       *
 * furnishing, performance, or use of these programs.                     *
 **************************************************************************
-->
